100, 3.8419e-32
600, 1.3818e-22
1100, 9.8363e-20
1600, 4.5818e-18
2100, 6.8044e-17
2600, 5.4112e-16
3100, 2.9072e-15
3600, 1.1941e-14
4100, 4.0352e-14
4600, 1.1759e-13
5100, 3.0507e-13
5600, 7.208e-13
6100, 1.5769e-12
6600, 3.2342e-12
7100, 6.2787e-12
7600, 1.1621e-11
8100, 2.0618e-11
8600, 3.5193e-11
9100, 5.79e-11
9600, 9.179e-11
10100, 1.3984e-10
10600, 2.0362e-10
11100, 2.8128e-10
11600, 3.6571e-10
12100, 4.4509e-10
12600, 5.0695e-10
13100, 5.4366e-10
13600, 5.548e-10
14100, 5.4534e-10
14600, 5.2208e-10
15100, 4.9114e-10
15600, 4.5698e-10
16100, 4.2243e-10
16600, 3.8911e-10
17100, 3.5785e-10
17600, 3.29e-10
18100, 3.0262e-10
18600, 2.7862e-10
19100, 2.5685e-10
19600, 2.3712e-10
20100, 2.1923e-10
20600, 2.0302e-10
21100, 1.883e-10
21600, 1.7491e-10
22100, 1.6273e-10
22600, 1.5161e-10
23100, 1.4146e-10
23600, 1.3217e-10
24100, 1.2366e-10
24600, 1.1584e-10
25100, 1.0866e-10
25600, 1.0204e-10
26100, 9.5941e-11
26600, 9.0306e-11
27100, 8.5094e-11
27600, 8.0266e-11
28100, 7.579e-11
28600, 7.1633e-11
29100, 6.7768e-11
29600, 6.417e-11
30100, 6.0817e-11
30600, 5.7689e-11
31100, 5.4767e-11
31600, 5.2035e-11
32100, 4.9478e-11
32600, 4.7082e-11
33100, 4.4835e-11
33600, 4.2726e-11
34100, 4.0744e-11
34600, 3.8881e-11
35100, 3.7127e-11
35600, 3.5474e-11
36100, 3.3916e-11
36600, 3.2446e-11
37100, 3.1059e-11
37600, 2.9747e-11
38100, 2.8507e-11
38600, 2.7333e-11
39100, 2.6221e-11
39600, 2.5168e-11
40100, 2.4169e-11
40600, 2.3221e-11
41100, 2.2321e-11
41600, 2.1466e-11
42100, 2.0653e-11
42600, 1.988e-11
43100, 1.9144e-11
43600, 1.8443e-11
44100, 1.7775e-11
44600, 1.7139e-11
45100, 1.6531e-11
45600, 1.5952e-11
46100, 1.5399e-11
46600, 1.487e-11
47100, 1.4365e-11
47600, 1.3882e-11
48100, 1.342e-11
48600, 1.2977e-11
49100, 1.2554e-11
49600, 1.2148e-11
50100, 1.176e-11
50600, 1.1387e-11
51100, 1.103e-11
51600, 1.0687e-11
52100, 1.0358e-11
52600, 1.0041e-11
53100, 9.7379e-12
53600, 9.4461e-12
54100, 9.1656e-12
54600, 8.8959e-12
55100, 8.6364e-12
55600, 8.386699999999999e-12
56100, 8.146300000000001e-12
56600, 7.9148e-12
57100, 7.6919e-12
57600, 7.477e-12
58100, 7.2699e-12
58600, 7.0702e-12
59100, 6.8776e-12
59600, 6.6917e-12
60100, 6.5124e-12
60600, 6.3393e-12
61100, 6.1721e-12
61600, 6.0106e-12
62100, 5.8546e-12
62600, 5.7038e-12
63100, 5.5581e-12
63600, 5.4171e-12
64100, 5.2808e-12
64600, 5.1489e-12
65100, 5.0213e-12
65600, 4.8977e-12
66100, 4.7781e-12
66600, 4.6623e-12
67100, 4.5501e-12
67600, 4.4414e-12
68100, 4.3361e-12
68600, 4.234e-12
69100, 4.135e-12
69600, 4.039e-12
70100, 3.9458e-12
70600, 3.8555e-12
71100, 3.7678e-12
71600, 3.6827e-12
72100, 3.6001e-12
72600, 3.5199e-12
73100, 3.4421e-12
73600, 3.3664e-12
74100, 3.2929e-12
74600, 3.2215e-12
75100, 3.152e-12
75600, 3.0845e-12
76100, 3.0189e-12
76600, 2.9551e-12
77100, 2.8931e-12
77600, 2.8327e-12
78100, 2.7739e-12
78600, 2.7168e-12
79100, 2.6611e-12
79600, 2.607e-12
80100, 2.5542e-12
80600, 2.5029e-12
81100, 2.4529e-12
81600, 2.4041e-12
82100, 2.3567e-12
82600, 2.3104e-12
83100, 2.2653e-12
83600, 2.2214e-12
84100, 2.1786e-12
84600, 2.1368e-12
85100, 2.0961e-12
85600, 2.0563e-12
86100, 2.0176e-12
86600, 1.9798e-12
87100, 1.9429e-12
87600, 1.9069e-12
88100, 1.8718e-12
88600, 1.8375e-12
89100, 1.804e-12
89600, 1.7713e-12
90100, 1.7394e-12
90600, 1.7082e-12
91100, 1.6778e-12
91600, 1.648e-12
92100, 1.619e-12
92600, 1.5906e-12
93100, 1.5628e-12
93600, 1.5357e-12
94100, 1.5092e-12
94600, 1.4833e-12
95100, 1.4579e-12
95600, 1.4331e-12
96100, 1.4089e-12
96600, 1.3852e-12
97100, 1.362e-12
97600, 1.3393e-12
98100, 1.3171e-12
98600, 1.2954e-12
99100, 1.2741e-12
99600, 1.2533e-12
