500, 3.4359e-19
1000, 3.3146e-17
1500, 4.7036e-16
2000, 3.1108e-15
2500, 1.3642e-14
3000, 4.6263e-14
3500, 1.3151e-13
4000, 3.2858e-13
4500, 7.4388e-13
5000, 1.5577e-12
5500, 3.0612e-12
6000, 5.7072e-12
6500, 1.0177e-11
7000, 1.7468e-11
7500, 2.9006e-11
8000, 4.6785e-11
8500, 7.3545e-11
9000, 1.1299e-10
9500, 1.7003e-10
10000, 2.5115e-10
10500, 3.647e-10
11000, 5.2141e-10
11500, 7.3482e-10
12000, 1.0219e-09
12500, 1.4035e-09
13000, 1.905e-09
13500, 2.5571e-09
14000, 3.3957e-09
14500, 4.4623e-09
15000, 5.8033e-09
15500, 7.4688e-09
16000, 9.510400000000001e-09
16500, 1.1976e-08
17000, 1.4905e-08
17500, 1.8321e-08
18000, 2.2218e-08
18500, 2.6558e-08
19000, 3.1259e-08
19500, 3.6193e-08
20000, 4.1196e-08
20500, 4.6075e-08
21000, 5.0637e-08
21500, 5.4705e-08
22000, 5.8147e-08
22500, 6.0878e-08
23000, 6.2872e-08
23500, 6.4152e-08
24000, 6.4776e-08
24500, 6.4826e-08
25000, 6.4394e-08
25500, 6.3572e-08
26000, 6.2446e-08
26500, 6.1093e-08
27000, 5.9578e-08
27500, 5.7953e-08
28000, 5.6262e-08
28500, 5.4537e-08
29000, 5.2806e-08
29500, 5.1087e-08
30000, 4.9394e-08
30500, 4.7739e-08
31000, 4.6128e-08
31500, 4.4567e-08
32000, 4.3058e-08
32500, 4.1602e-08
33000, 4.0201e-08
33500, 3.8854e-08
34000, 3.756e-08
34500, 3.6318e-08
35000, 3.5126e-08
35500, 3.3983e-08
36000, 3.2887e-08
36500, 3.1836e-08
37000, 3.0828e-08
37500, 2.9861e-08
38000, 2.8934e-08
38500, 2.8044e-08
39000, 2.719e-08
39500, 2.6371e-08
40000, 2.5584e-08
40500, 2.4829e-08
41000, 2.4103e-08
41500, 2.3405e-08
42000, 2.2734e-08
42500, 2.2089e-08
43000, 2.1469e-08
43500, 2.0871e-08
44000, 2.0296e-08
44500, 1.9743e-08
45000, 1.9209e-08
45500, 1.8695e-08
46000, 1.8199e-08
46500, 1.7721e-08
47000, 1.726e-08
47500, 1.6815e-08
48000, 1.6386e-08
48500, 1.5971e-08
49000, 1.5571e-08
49500, 1.5184e-08
50000, 1.481e-08
50500, 1.4448e-08
51000, 1.4098e-08
51500, 1.376e-08
52000, 1.3433e-08
52500, 1.3116e-08
53000, 1.2809e-08
53500, 1.2512e-08
54000, 1.2224e-08
54500, 1.1946e-08
55000, 1.1675e-08
55500, 1.1413e-08
56000, 1.1159e-08
56500, 1.0913e-08
57000, 1.0674e-08
57500, 1.0442e-08
58000, 1.0217e-08
58500, 9.9981e-09
59000, 9.7858e-09
59500, 9.5796e-09
60000, 9.3793e-09
60500, 9.184600000000001e-09
61000, 8.995400000000001e-09
61500, 8.811499999999999e-09
62000, 8.6326e-09
62500, 8.4587e-09
63000, 8.2895e-09
63500, 8.124800000000001e-09
64000, 7.9646e-09
64500, 7.808699999999999e-09
65000, 7.6569e-09
65500, 7.5091e-09
66000, 7.3651e-09
66500, 7.2249e-09
67000, 7.0883e-09
67500, 6.9551e-09
68000, 6.8254e-09
68500, 6.6989e-09
69000, 6.5756e-09
69500, 6.4554e-09
70000, 6.3381e-09
70500, 6.2238e-09
71000, 6.1122e-09
71500, 6.0033e-09
72000, 5.8971e-09
72500, 5.7934e-09
73000, 5.6921e-09
73500, 5.5933e-09
74000, 5.4967e-09
74500, 5.4025e-09
75000, 5.3104e-09
75500, 5.2204e-09
76000, 5.1325e-09
76500, 5.0467e-09
77000, 4.9627e-09
77500, 4.8806e-09
78000, 4.8004e-09
78500, 4.722e-09
79000, 4.6453e-09
79500, 4.5703e-09
80000, 4.4969e-09
80500, 4.4251e-09
81000, 4.3549e-09
81500, 4.2862e-09
82000, 4.2189e-09
82500, 4.1531e-09
83000, 4.0887e-09
83500, 4.0256e-09
84000, 3.9638e-09
84500, 3.9033e-09
85000, 3.8441e-09
85500, 3.7861e-09
86000, 3.7293e-09
86500, 3.6736e-09
87000, 3.6191e-09
87500, 3.5656e-09
88000, 3.5132e-09
88500, 3.4619e-09
89000, 3.4116e-09
89500, 3.3622e-09
90000, 3.3139e-09
90500, 3.2664e-09
91000, 3.2199e-09
91500, 3.1743e-09
92000, 3.1296e-09
92500, 3.0857e-09
93000, 3.0427e-09
93500, 3.0004e-09
94000, 2.959e-09
94500, 2.9183e-09
95000, 2.8784e-09
95500, 2.8393e-09
96000, 2.8008e-09
96500, 2.7631e-09
97000, 2.726e-09
97500, 2.6897e-09
98000, 2.6539e-09
98500, 2.6189e-09
99000, 2.5844e-09
99500, 2.5506e-09
100000, 2.5173e-09
100500, 2.4847e-09
101000, 2.4526e-09
101500, 2.4211e-09
102000, 2.3901e-09
102500, 2.3597e-09
103000, 2.3298e-09
103500, 2.3004e-09
104000, 2.2715e-09
104500, 2.2431e-09
105000, 2.2152e-09
105500, 2.1878e-09
106000, 2.1608e-09
106500, 2.1343e-09
107000, 2.1082e-09
107500, 2.0825e-09
108000, 2.0573e-09
108500, 2.0325e-09
109000, 2.0081e-09
109500, 1.984e-09
110000, 1.9604e-09
110500, 1.9372e-09
111000, 1.9143e-09
111500, 1.8918e-09
112000, 1.8696e-09
112500, 1.8478e-09
113000, 1.8264e-09
113500, 1.8053e-09
114000, 1.7845e-09
114500, 1.764e-09
115000, 1.7439e-09
115500, 1.7241e-09
116000, 1.7045e-09
116500, 1.6853e-09
117000, 1.6664e-09
117500, 1.6478e-09
118000, 1.6294e-09
118500, 1.6113e-09
119000, 1.5935e-09
119500, 1.576e-09
120000, 1.5587e-09
120500, 1.5417e-09
121000, 1.5249e-09
121500, 1.5084e-09
122000, 1.4921e-09
122500, 1.476e-09
123000, 1.4602e-09
123500, 1.4446e-09
124000, 1.4293e-09
124500, 1.4142e-09
125000, 1.3992e-09
125500, 1.3845e-09
126000, 1.37e-09
126500, 1.3558e-09
127000, 1.3417e-09
127500, 1.3278e-09
128000, 1.3141e-09
128500, 1.3006e-09
129000, 1.2873e-09
129500, 1.2742e-09
130000, 1.2612e-09
130500, 1.2484e-09
131000, 1.2359e-09
131500, 1.2234e-09
132000, 1.2112e-09
132500, 1.1991e-09
133000, 1.1872e-09
133500, 1.1754e-09
134000, 1.1638e-09
134500, 1.1524e-09
135000, 1.1411e-09
135500, 1.1299e-09
136000, 1.1189e-09
136500, 1.1081e-09
137000, 1.0974e-09
137500, 1.0868e-09
138000, 1.0764e-09
138500, 1.0661e-09
139000, 1.0559e-09
139500, 1.0459e-09
140000, 1.036e-09
140500, 1.0262e-09
141000, 1.0166e-09
141500, 1.0071e-09
142000, 9.9765e-10
142500, 9.883600000000001e-10
143000, 9.792000000000001e-10
143500, 9.701399999999999e-10
144000, 9.6121e-10
144500, 9.5238e-10
145000, 9.4366e-10
145500, 9.3505e-10
146000, 9.2655e-10
146500, 9.1816e-10
147000, 9.0986e-10
147500, 9.016700000000001e-10
148000, 8.9358e-10
148500, 8.8558e-10
149000, 8.7769e-10
149500, 8.6989e-10
150000, 8.6218e-10
150500, 8.5457e-10
151000, 8.4704e-10
151500, 8.3961e-10
152000, 8.3226e-10
152500, 8.2501e-10
153000, 8.1784e-10
153500, 8.1075e-10
154000, 8.0375e-10
154500, 7.9682e-10
155000, 7.8998e-10
155500, 7.8322e-10
156000, 7.7654e-10
156500, 7.6993e-10
157000, 7.6341e-10
157500, 7.5695e-10
158000, 7.5057e-10
158500, 7.4427e-10
159000, 7.3803e-10
159500, 7.3187e-10
160000, 7.2577e-10
160500, 7.1975e-10
161000, 7.1379e-10
161500, 7.079e-10
162000, 7.0208e-10
162500, 6.9632e-10
163000, 6.9062e-10
163500, 6.8499e-10
164000, 6.7942e-10
164500, 6.7391e-10
165000, 6.6846e-10
165500, 6.6307e-10
166000, 6.5775e-10
166500, 6.5248e-10
167000, 6.4726e-10
167500, 6.421e-10
168000, 6.37e-10
168500, 6.3196e-10
169000, 6.2697e-10
169500, 6.2203e-10
170000, 6.1714e-10
170500, 6.1231e-10
171000, 6.0753e-10
171500, 6.0279e-10
172000, 5.9811e-10
172500, 5.9348e-10
173000, 5.889e-10
173500, 5.8436e-10
174000, 5.7987e-10
174500, 5.7543e-10
175000, 5.7104e-10
175500, 5.6669e-10
176000, 5.6238e-10
176500, 5.5812e-10
177000, 5.5391e-10
177500, 5.4973e-10
178000, 5.456e-10
178500, 5.4152e-10
179000, 5.3747e-10
179500, 5.3346e-10
180000, 5.295e-10
180500, 5.2557e-10
181000, 5.2169e-10
181500, 5.1784e-10
182000, 5.1403e-10
182500, 5.1026e-10
183000, 5.0653e-10
183500, 5.0284e-10
184000, 4.9918e-10
184500, 4.9555e-10
185000, 4.9197e-10
185500, 4.8841e-10
186000, 4.848999999999999e-10
186500, 4.8142e-10
187000, 4.7797e-10
187500, 4.7455e-10
188000, 4.7117e-10
188500, 4.6782e-10
189000, 4.645e-10
189500, 4.6122e-10
190000, 4.5797e-10
190500, 4.5474e-10
191000, 4.5155e-10
191500, 4.4839e-10
192000, 4.4526e-10
192500, 4.4216e-10
193000, 4.3909e-10
193500, 4.3604e-10
194000, 4.3303e-10
194500, 4.3004e-10
195000, 4.2708e-10
195500, 4.2415e-10
196000, 4.2125e-10
196500, 4.1837e-10
197000, 4.1552e-10
197500, 4.127e-10
198000, 4.099e-10
198500, 4.0713e-10
199000, 4.0439e-10
199500, 4.0167e-10
200000, 3.9897e-10
200500, 3.963e-10
201000, 3.9365e-10
201500, 3.9103e-10
202000, 3.8843e-10
202500, 3.8585e-10
203000, 3.833e-10
203500, 3.8077e-10
204000, 3.7826e-10
204500, 3.7578e-10
205000, 3.7332e-10
205500, 3.7088e-10
206000, 3.6846e-10
206500, 3.6606e-10
207000, 3.6368e-10
207500, 3.6133e-10
208000, 3.5899e-10
208500, 3.5668e-10
209000, 3.5438e-10
209500, 3.5211e-10
210000, 3.4986e-10
210500, 3.4762e-10
211000, 3.4541e-10
211500, 3.4321e-10
212000, 3.4103e-10
212500, 3.3887e-10
213000, 3.3674e-10
213500, 3.3461e-10
214000, 3.3251e-10
214500, 3.3043e-10
215000, 3.2836e-10
215500, 3.2631e-10
216000, 3.2428e-10
216500, 3.2226e-10
217000, 3.2026e-10
217500, 3.1828e-10
218000, 3.1632e-10
218500, 3.1437e-10
219000, 3.1243e-10
219500, 3.1052e-10
220000, 3.0862e-10
220500, 3.0673e-10
221000, 3.0487e-10
221500, 3.0301e-10
222000, 3.0117e-10
222500, 2.9935e-10
223000, 2.9754e-10
223500, 2.9575e-10
224000, 2.9397e-10
224500, 2.9221e-10
225000, 2.9046e-10
225500, 2.8873e-10
226000, 2.87e-10
226500, 2.853e-10
227000, 2.836e-10
227500, 2.8192e-10
228000, 2.8026e-10
228500, 2.7861e-10
229000, 2.7697e-10
229500, 2.7534e-10
230000, 2.7373e-10
230500, 2.7213e-10
231000, 2.7054e-10
231500, 2.6896e-10
232000, 2.674e-10
232500, 2.6585e-10
233000, 2.6431e-10
233500, 2.6278e-10
234000, 2.6127e-10
234500, 2.5977e-10
235000, 2.5828e-10
235500, 2.568e-10
236000, 2.5533e-10
236500, 2.5387e-10
237000, 2.5243e-10
237500, 2.51e-10
238000, 2.4957e-10
238500, 2.4816e-10
239000, 2.4676e-10
239500, 2.4537e-10
240000, 2.4399e-10
240500, 2.4262e-10
241000, 2.4126e-10
241500, 2.3991e-10
242000, 2.3858e-10
242500, 2.3725e-10
243000, 2.3593e-10
243500, 2.3462e-10
244000, 2.3333e-10
244500, 2.3204e-10
245000, 2.3076e-10
245500, 2.2949e-10
246000, 2.2823e-10
246500, 2.2698e-10
247000, 2.2574e-10
247500, 2.2451e-10
248000, 2.2329e-10
248500, 2.2207e-10
249000, 2.2087e-10
249500, 2.1967e-10
250000, 2.1849e-10
250500, 2.1731e-10
251000, 2.1614e-10
251500, 2.1498e-10
252000, 2.1382e-10
252500, 2.1268e-10
253000, 2.1154e-10
253500, 2.1042e-10
254000, 2.093e-10
254500, 2.0819e-10
255000, 2.0708e-10
255500, 2.0599e-10
256000, 2.049e-10
256500, 2.0382e-10
257000, 2.0275e-10
257500, 2.0168e-10
258000, 2.0063e-10
258500, 1.9958e-10
259000, 1.9854e-10
259500, 1.975e-10
260000, 1.9648e-10
260500, 1.9546e-10
261000, 1.9444e-10
261500, 1.9344e-10
262000, 1.9244e-10
262500, 1.9145e-10
263000, 1.9046e-10
263500, 1.8949e-10
264000, 1.8852e-10
264500, 1.8755e-10
265000, 1.8659e-10
265500, 1.8564e-10
266000, 1.847e-10
266500, 1.8376e-10
267000, 1.8283e-10
267500, 1.8191e-10
268000, 1.8099e-10
268500, 1.8008e-10
269000, 1.7917e-10
269500, 1.7827e-10
270000, 1.7738e-10
270500, 1.7649e-10
271000, 1.7561e-10
271500, 1.7473e-10
272000, 1.7386e-10
272500, 1.73e-10
273000, 1.7214e-10
273500, 1.7129e-10
274000, 1.7045e-10
274500, 1.696e-10
275000, 1.6877e-10
275500, 1.6794e-10
276000, 1.6712e-10
276500, 1.663e-10
277000, 1.6549e-10
277500, 1.6468e-10
278000, 1.6388e-10
278500, 1.6308e-10
279000, 1.6229e-10
279500, 1.615e-10
280000, 1.6072e-10
280500, 1.5994e-10
281000, 1.5917e-10
281500, 1.5841e-10
282000, 1.5765e-10
282500, 1.5689e-10
283000, 1.5614e-10
283500, 1.5539e-10
284000, 1.5465e-10
284500, 1.5392e-10
285000, 1.5318e-10
285500, 1.5246e-10
286000, 1.5174e-10
286500, 1.5102e-10
287000, 1.503e-10
287500, 1.496e-10
288000, 1.4889e-10
288500, 1.4819e-10
289000, 1.475e-10
289500, 1.4681e-10
290000, 1.4612e-10
290500, 1.4544e-10
291000, 1.4476e-10
291500, 1.4409e-10
292000, 1.4342e-10
292500, 1.4276e-10
293000, 1.421e-10
293500, 1.4144e-10
294000, 1.4079e-10
294500, 1.4014e-10
295000, 1.3949e-10
295500, 1.3885e-10
296000, 1.3822e-10
296500, 1.3759e-10
297000, 1.3696e-10
297500, 1.3633e-10
298000, 1.3571e-10
298500, 1.351e-10
299000, 1.3448e-10
299500, 1.3388e-10
300000, 1.3327e-10
300500, 1.3267e-10
301000, 1.3207e-10
301500, 1.3148e-10
302000, 1.3089e-10
302500, 1.303e-10
303000, 1.2972e-10
303500, 1.2914e-10
304000, 1.2856e-10
304500, 1.2799e-10
305000, 1.2742e-10
305500, 1.2685e-10
306000, 1.2629e-10
306500, 1.2573e-10
307000, 1.2517e-10
307500, 1.2462e-10
308000, 1.2407e-10
308500, 1.2353e-10
309000, 1.2299e-10
309500, 1.2245e-10
310000, 1.2191e-10
310500, 1.2138e-10
311000, 1.2085e-10
311500, 1.2032e-10
312000, 1.198e-10
312500, 1.1928e-10
313000, 1.1876e-10
313500, 1.1825e-10
314000, 1.1773e-10
314500, 1.1723e-10
315000, 1.1672e-10
315500, 1.1622e-10
316000, 1.1572e-10
316500, 1.1522e-10
317000, 1.1473e-10
317500, 1.1424e-10
318000, 1.1375e-10
318500, 1.1327e-10
319000, 1.1278e-10
319500, 1.123e-10
320000, 1.1183e-10
320500, 1.1135e-10
321000, 1.1088e-10
321500, 1.1041e-10
322000, 1.0995e-10
322500, 1.0949e-10
323000, 1.0903e-10
323500, 1.0857e-10
324000, 1.0811e-10
324500, 1.0766e-10
325000, 1.0721e-10
325500, 1.0676e-10
326000, 1.0632e-10
326500, 1.0588e-10
327000, 1.0544e-10
327500, 1.05e-10
328000, 1.0456e-10
328500, 1.0413e-10
329000, 1.037e-10
329500, 1.0327e-10
330000, 1.0285e-10
330500, 1.0242e-10
331000, 1.02e-10
331500, 1.0159e-10
332000, 1.0117e-10
332500, 1.0076e-10
333000, 1.0035e-10
333500, 9.993700000000001e-11
334000, 9.953e-11
334500, 9.9126e-11
335000, 9.8724e-11
335500, 9.8324e-11
336000, 9.7926e-11
336500, 9.753e-11
337000, 9.7137e-11
337500, 9.674600000000001e-11
338000, 9.6357e-11
338500, 9.597000000000001e-11
339000, 9.5585e-11
339500, 9.5202e-11
340000, 9.4821e-11
340500, 9.4443e-11
341000, 9.4066e-11
341500, 9.369200000000001e-11
342000, 9.3319e-11
342500, 9.2949e-11
343000, 9.258e-11
343500, 9.221400000000001e-11
344000, 9.1849e-11
344500, 9.1487e-11
345000, 9.1126e-11
345500, 9.0767e-11
346000, 9.0411e-11
346500, 9.0056e-11
347000, 8.9703e-11
347500, 8.9352e-11
348000, 8.900199999999999e-11
348500, 8.8655e-11
349000, 8.831e-11
349500, 8.7966e-11
350000, 8.7624e-11
350500, 8.7284e-11
351000, 8.6946e-11
351500, 8.6609e-11
352000, 8.6274e-11
352500, 8.594199999999999e-11
353000, 8.561e-11
353500, 8.5281e-11
354000, 8.4953e-11
354500, 8.4627e-11
355000, 8.4303e-11
355500, 8.398e-11
356000, 8.3659e-11
356500, 8.334000000000001e-11
357000, 8.302200000000001e-11
357500, 8.2706e-11
358000, 8.2392e-11
358500, 8.207899999999999e-11
359000, 8.1768e-11
359500, 8.1458e-11
360000, 8.115e-11
360500, 8.0844e-11
361000, 8.0539e-11
361500, 8.0236e-11
362000, 7.9934e-11
362500, 7.9634e-11
363000, 7.9336e-11
363500, 7.9039e-11
364000, 7.8743e-11
364500, 7.8449e-11
365000, 7.8156e-11
365500, 7.786499999999999e-11
366000, 7.7576e-11
366500, 7.7287e-11
367000, 7.7001e-11
367500, 7.6716e-11
368000, 7.643200000000001e-11
368500, 7.614899999999999e-11
369000, 7.5868e-11
369500, 7.5589e-11
370000, 7.5311e-11
370500, 7.503399999999999e-11
371000, 7.4758e-11
371500, 7.448400000000001e-11
372000, 7.4212e-11
372500, 7.3941e-11
373000, 7.3671e-11
373500, 7.3402e-11
374000, 7.3135e-11
374500, 7.286899999999999e-11
375000, 7.2604e-11
375500, 7.2341e-11
376000, 7.2079e-11
376500, 7.1818e-11
377000, 7.1559e-11
377500, 7.13e-11
378000, 7.104299999999999e-11
378500, 7.0788e-11
379000, 7.0533e-11
379500, 7.028e-11
380000, 7.0028e-11
380500, 6.9778e-11
381000, 6.9528e-11
381500, 6.928000000000001e-11
382000, 6.903300000000001e-11
382500, 6.8787e-11
383000, 6.854199999999999e-11
383500, 6.8299e-11
384000, 6.8056e-11
384500, 6.7815e-11
385000, 6.7575e-11
385500, 6.7336e-11
386000, 6.7099e-11
386500, 6.686199999999999e-11
387000, 6.662699999999999e-11
387500, 6.6393e-11
388000, 6.6159e-11
388500, 6.5927e-11
389000, 6.569599999999999e-11
389500, 6.546699999999999e-11
390000, 6.523799999999999e-11
390500, 6.501e-11
391000, 6.4784e-11
391500, 6.4558e-11
392000, 6.433399999999999e-11
392500, 6.411e-11
393000, 6.388799999999999e-11
393500, 6.3667e-11
394000, 6.3446e-11
394500, 6.3227e-11
395000, 6.3009e-11
395500, 6.2792e-11
396000, 6.2576e-11
396500, 6.2361e-11
397000, 6.2146e-11
397500, 6.1933e-11
398000, 6.1721e-11
398500, 6.151e-11
399000, 6.13e-11
399500, 6.1091e-11
